address,blockchain,address_type,symbol,name,entity,entity_type,category,start_block,source,date_added,track_holders
0xe67192302e444a8d28f60f6737a8bc7c672b8ac6,arbitrum,entity,,Event Horizon: Voter Enfranchisement Pool,event-horizon,dao,,,manual,2026-03-16,false
0x53877685abc912c3c4624dce647e4e17a15c07f6,arbitrum,entity,,Arbitrum DAO: Expansion Program,arbitrum-dao,dao,arbitrum-expansion-program,,manual,2026-03-16,false
0x40cd7d713d7ae463f95ce5d342ea6e7f5cf7c999,ethereum,entity,,Arbitrum DAO: ParentToChildRewardRouter,arbitrum-dao,dao,arbitrum-expansion-program,,manual,2026-03-16,false
0x54fe3425f09854e15081fa5b3276afcb4c46fca2,arbitrum,entity,,Arbitrum DAO: Treasury Management,arbitrum-dao,dao,arbitrum-expansion-program,,manual,2026-03-16,false
0x13d4ff2a83fbcb8f5fc73ce66cf5928ed0943cb0,arbitrum,entity,,Arbitrum DAO: ADPC,arbitrum-dao,dao,dao-funding,,manual,2026-03-16,false
0x2b04e32ece44ea0725cba5d6f2846257b7f910be,arbitrum,entity,,Arbitrum DAO: ADPC,arbitrum-dao,dao,dao-funding,,manual,2026-03-16,false
0x524e480dc669592757b3f22140cc0950a9c2f489,arbitrum,entity,,Arbitrum DAO: ADPC,arbitrum-dao,dao,dao-funding,,manual,2026-03-16,false
0x46658a4395fa8847b97aa0db19a65e1f36bfb23f,arbitrum,entity,,Arbitrum DAO: AGV,arbitrum-dao,dao,dao-funding,,manual,2026-03-16,false
0x4d06cef7fa8e0f386bc97492e4ce1f663fb6cdca,arbitrum,entity,,Arbitrum DAO: AGV,arbitrum-dao,dao,dao-funding,,manual,2026-03-16,false
0x9271a08958c0406f59fc0e0510141563a2ffcd28,arbitrum,entity,,Arbitrum DAO: AGV,arbitrum-dao,dao,dao-funding,,manual,2026-03-16,false
0xae8cbcef7de8664c3ff5bfc58536c183ffa60b51,arbitrum,entity,,Arbitrum DAO: AGV,arbitrum-dao,dao,dao-funding,,manual,2026-03-16,false
0xc5698b7143f0f74a8f2b709876ad25c268e8d3fe,arbitrum,entity,,Arbitrum DAO: AGV,arbitrum-dao,dao,dao-funding,,manual,2026-03-16,false
0xcae481c31b702a68d1c47f84c456983bec994f0f,arbitrum,entity,,Arbitrum DAO: AGV,arbitrum-dao,dao,dao-funding,,manual,2026-03-16,false
0x38429f9e67559cda82eed04a5895c5c11e779e05,arbitrum,entity,,Arbitrum DAO: Arbitrum Audit Program,arbitrum-dao,dao,dao-funding,,manual,2026-03-16,false
0x04f399a34077bf9cd984dcf855839fd2031e863b,arbitrum,entity,,Arbitrum DAO: ARDC,arbitrum-dao,dao,dao-funding,,manual,2026-03-16,false
0x22a017676274d67dec950391569b3a13d5199a4a,arbitrum,entity,,Arbitrum DAO: ARDC,arbitrum-dao,dao,dao-funding,,manual,2026-03-16,false
0x2aaf7f872e3dee9c824d3336df48c23840a25f22,arbitrum,entity,,Arbitrum DAO: ARDC,arbitrum-dao,dao,dao-funding,,manual,2026-03-16,false
0x8deba81c874c68c27a09706cdea50d4f727e0711,arbitrum,entity,,Arbitrum DAO: ARDC,arbitrum-dao,dao,dao-funding,,manual,2026-03-16,false
0xca3373e6b9e4ece34b0f786c9e9c0be749944d73,arbitrum,entity,,Arbitrum DAO: ARDC,arbitrum-dao,dao,dao-funding,,manual,2026-03-16,false
0xd19ed0e8e723fdb85a6a1480e5345fbcce0bff85,arbitrum,entity,,Arbitrum DAO: ARDC,arbitrum-dao,dao,dao-funding,,manual,2026-03-16,false
0x5e7071e5572e32b61122e5c04b8f591804b34b06,arbitrum,entity,,Arbitrum DAO: Bootstrap the first BoLD validator,arbitrum-dao,dao,dao-funding,,manual,2026-03-16,false
0xa02cbbb00c17882f19d53fc5db35e5f5f2d039b5,arbitrum,entity,,Arbitrum DAO: Bootstrap the first BoLD validator,arbitrum-dao,dao,dao-funding,,manual,2026-03-16,false
0x569bcbcf747a2b67355c242137a0b903c9f72a2b,ethereum,entity,,Arbitrum DAO: Bootstrap the first BoLD validator,arbitrum-dao,dao,dao-funding,,manual,2026-03-16,false
0x073a8f65ed92da9f9f64db0d69f424aa978e1ccd,arbitrum,entity,,Arbitrum DAO: DAO Subsidy Fund,arbitrum-dao,dao,dao-funding,,manual,2026-03-16,false
0x40fce28c9f3a0d7b75b917c95960d61d930dca54,arbitrum,entity,,Arbitrum DAO: DAO Subsidy Fund,arbitrum-dao,dao,dao-funding,,manual,2026-03-16,false
0x945f1a4f856f90e8b466a4cf70acfb8f78fa1915,arbitrum,entity,,Arbitrum DAO: DAO Subsidy Fund,arbitrum-dao,dao,dao-funding,,manual,2026-03-16,false
0x0cb87fde334cd0334ce85dc787c24a76efcda44d,arbitrum,entity,,Arbitrum DAO: DDA,arbitrum-dao,dao,dao-funding,,manual,2026-03-16,false
0x1191efe82884ea1089ac51e894d1559df2e350c0,arbitrum,entity,,Arbitrum DAO: DDA,arbitrum-dao,dao,dao-funding,,manual,2026-03-16,false
0x120c1920656188d4f00f6de37d1da7fdccac4a9a,arbitrum,entity,,Arbitrum DAO: DDA,arbitrum-dao,dao,dao-funding,,manual,2026-03-16,false
0x30786e59d5210b5e9c4f7707c70c9356b10148a6,arbitrum,entity,,Arbitrum DAO: DDA,arbitrum-dao,dao,dao-funding,,manual,2026-03-16,false
0x3dfe378547104ddf6e80ff26d1681a6d7a9f1af0,arbitrum,entity,,Arbitrum DAO: DDA,arbitrum-dao,dao,dao-funding,,manual,2026-03-16,false
0x58fab6d931b5a7c38b2e428d6cfea7f071a1a225,arbitrum,entity,,Arbitrum DAO: DDA,arbitrum-dao,dao,dao-funding,,manual,2026-03-16,false
0x65b902a3fe7eb2fbc437548f5cf5607c771be6d0,arbitrum,entity,,Arbitrum DAO: DDA,arbitrum-dao,dao,dao-funding,,manual,2026-03-16,false
0x85c34d6121934e329ca91bfe34007dbc61688f9f,arbitrum,entity,,Arbitrum DAO: DDA,arbitrum-dao,dao,dao-funding,,manual,2026-03-16,false
0x94eda9f9dfc38043d33439c5696bc585702e492b,arbitrum,entity,,Arbitrum DAO: DDA,arbitrum-dao,dao,dao-funding,,manual,2026-03-16,false
0xb7c1551bbeb47eb86266153df5f9d7da47f08308,arbitrum,entity,,Arbitrum DAO: DDA,arbitrum-dao,dao,dao-funding,,manual,2026-03-16,false
0xb9a05fccc841202f1ee0deee557c6abe5cbb6615,arbitrum,entity,,Arbitrum DAO: DDA,arbitrum-dao,dao,dao-funding,,manual,2026-03-16,false
0xc5d8884254bd8a92a491d9737221dafac7dd2b9c,arbitrum,entity,,Arbitrum DAO: DDA,arbitrum-dao,dao,dao-funding,,manual,2026-03-16,false
0xce05db9821c753439fbad2a1ed99fd7f26b3a423,arbitrum,entity,,Arbitrum DAO: DDA,arbitrum-dao,dao,dao-funding,,manual,2026-03-16,false
0xd206e15da4cdbdd51c88336a5932e516206311e7,arbitrum,entity,,Arbitrum DAO: DDA,arbitrum-dao,dao,dao-funding,,manual,2026-03-16,false
0xdac9e80e7eb7529286c028f0c11c0f94befee728,arbitrum,entity,,Arbitrum DAO: DDA,arbitrum-dao,dao,dao-funding,,manual,2026-03-16,false
0xdafa9908d9ebe0ad98f739197a6e085830137383,arbitrum,entity,,Arbitrum DAO: DDA,arbitrum-dao,dao,dao-funding,,manual,2026-03-16,false
0xe435a0bcda6134ce9a9e8d2dc2b1beb10c0059a7,arbitrum,entity,,Arbitrum DAO: DDA,arbitrum-dao,dao,dao-funding,,manual,2026-03-16,false
0xebe67f2ced2780321903ca7c6602c914262eb2dc,arbitrum,entity,,Arbitrum DAO: DDA,arbitrum-dao,dao,dao-funding,,manual,2026-03-16,false
0x07e7ef4b87bb4115f7f507c89c2bac5f3342cc3c,arbitrum,entity,,Arbitrum DAO: Delegate Incentive Program v1.5,arbitrum-dao,dao,dao-funding,,manual,2026-03-16,false
0x7b79108e99b8ace932a8737c471235f5fb7647df,arbitrum,entity,,Arbitrum DAO: Delegate Incentive Program v1.5,arbitrum-dao,dao,dao-funding,,manual,2026-03-16,false
0xff1f38f8cdae7c1b1b289fcf6f5c1aa234df1443,arbitrum,entity,,Arbitrum DAO: DIP,arbitrum-dao,dao,dao-funding,,manual,2026-03-16,false
0x7d0a9493edecf7112486319e0fdba72fc7a62468,arbitrum,entity,,Arbitrum DAO: DRIP,arbitrum-dao,dao,dao-funding,,manual,2026-03-16,false
0xef297424bbc64b21fb405532b58fe77299f1e1f4,arbitrum,entity,,Arbitrum DAO: DRIP,arbitrum-dao,dao,dao-funding,,manual,2026-03-16,false
0x08cc5726b84863ab502541e39e3255bab0413441,arbitrum,entity,,Arbitrum DAO: Entropy Advisors Y2-Y3,arbitrum-dao,dao,dao-funding,,manual,2026-03-16,false
0x15c4edf2cf2f36335e42c19e506ed6cb16a57d8f,arbitrum,entity,,Arbitrum DAO: Event Horizon,arbitrum-dao,dao,dao-funding,,manual,2026-03-16,false
0x7c599660c84ed5b92d1878518ab1fafe006bd311,arbitrum,entity,,Arbitrum DAO: Event Horizon,arbitrum-dao,dao,dao-funding,,manual,2026-03-16,false
0x8eaaf63346caa4048e98e5502cdd1e38b9e5ff20,arbitrum,entity,,Arbitrum DAO: Event Horizon,arbitrum-dao,dao,dao-funding,,manual,2026-03-16,false
0x1a5184b21a8731e60a98511edee1c917744267c0,arbitrum,entity,,Arbitrum DAO: Events Budget 2025,arbitrum-dao,dao,dao-funding,,manual,2026-03-16,false
0xd767eaf0cb35b55587a2e12f387c2aad65b5930c,arbitrum,entity,,Arbitrum DAO: Events Budget 2025,arbitrum-dao,dao,dao-funding,,manual,2026-03-16,false
0x61f839515f1b4567061d1adda009627ba4e5796a,arbitrum,entity,,Arbitrum DAO: Grants Framework,arbitrum-dao,dao,dao-funding,,manual,2026-03-16,false
0xc158b555f0b1ddd7f4d4f97fd2a9acd144f8e0d4,arbitrum,entity,,Arbitrum DAO: Grants Framework,arbitrum-dao,dao,dao-funding,,manual,2026-03-16,false
0x0b682597ccba615d7cb59ebe3c89f9307f393c67,arbitrum,entity,,Arbitrum DAO: Hackathon Builder Continuation Program,arbitrum-dao,dao,dao-funding,,manual,2026-03-16,false
0x0f84fa246941883ff9ab114382aa221cf8b6d650,arbitrum,entity,,Arbitrum DAO: Hackathon Builder Continuation Program,arbitrum-dao,dao,dao-funding,,manual,2026-03-16,false
0x544cbe6698e2e3b676c76097305bba588defb13a,arbitrum,entity,,"Arbitrum DAO: LTIPP, STIP Bridge & Kwenta Incentives",arbitrum-dao,dao,dao-funding,,manual,2026-03-16,false
0x97859ee242fcffbf16521cfb144e9ba02c773a2f,arbitrum,entity,,Arbitrum DAO: Multi-sig Support Service & Token Flow Reporting,arbitrum-dao,dao,dao-funding,,manual,2026-03-16,false
0xf67db74dec758fe7c3fb521ab0db77e8df9c8178,arbitrum,entity,,Arbitrum DAO: OpCo,arbitrum-dao,dao,dao-funding,,manual,2026-03-16,false
0x4074ffbed76e82fd350871e75a14790c742a7cd4,arbitrum,entity,,Arbitrum DAO: RAD Program,arbitrum-dao,dao,dao-funding,,manual,2026-03-16,false
0x5bb0a919345af084854bcdc9a6ddde8b7fee79ad,arbitrum,entity,,Arbitrum DAO: Safeguarding Software Developers' Rights,arbitrum-dao,dao,dao-funding,,manual,2026-03-16,false
0x5a5c8da41220eef8e7f423f6e9028da5b9e70f8b,arbitrum,entity,,Arbitrum DAO: STIP,arbitrum-dao,dao,dao-funding,,manual,2026-03-16,false
0x140e4d8d4229d5437efd6fc1beeb86cb2bcf9d98,arbitrum,entity,,Arbitrum DAO: Strategic Partnerships Budget,arbitrum-dao,dao,dao-funding,,manual,2026-03-16,false
0x0bdafb92718759fdb1a90af6a7455e7cf300eb73,arbitrum,entity,,Arbitrum DAO: Stylus Sprint,arbitrum-dao,dao,dao-funding,,manual,2026-03-16,false
0x272bbebf956d65178f184b0f8d859fdc7ea3f5b4,arbitrum,entity,,Arbitrum DAO: Stylus Sprint,arbitrum-dao,dao,dao-funding,,manual,2026-03-16,false
0x9cfcf93dc53df1c7986eb5ec3cf07a234d94b635,arbitrum,entity,,Arbitrum DAO: Watchdog,arbitrum-dao,dao,dao-funding,,manual,2026-03-16,false
0xcdc8a164272de1e6ba118228c2a71bbe3684cfa4,arbitrum,entity,,Arbitrum DAO: Steakhouse Fee Rebate,arbitrum-dao,dao,fee-rebate,,manual,2026-03-16,false
0xe6ec2174539a849f9f3ec973c66b333ed08c0c18,arbitrum,entity,,Arbitrum DAO: L1 Base Fee,arbitrum-dao,dao,fees,,manual,2026-03-16,false
0x2e041280627800801e90e9ac83532fadb6cad99a,arbitrum,entity,,Arbitrum DAO: L1 Surplus Fee,arbitrum-dao,dao,fees,,manual,2026-03-16,false
0xbf5041fc07e1c866d15c749156657b8eed0fb649,arbitrum,entity,,Arbitrum DAO: L2 Base Fee,arbitrum-dao,dao,fees,,manual,2026-03-16,false
0x32e7af5a8151934f3787d0cd59eb6edd0a736b1d,arbitrum,entity,,Arbitrum DAO: L2 Surplus Fee,arbitrum-dao,dao,fees,,manual,2026-03-16,false
0xf7951d92b0c345144506576ec13ecf5103ac905a,nova,entity,,Arbitrum DAO: Legacy Nova Fees,arbitrum-dao,dao,fees,,manual,2026-03-16,false
0xc9722cfddfbc6af4e77023e8b5bd87489efebf5f,nova,entity,,Arbitrum DAO: Nova L1 Base Fee,arbitrum-dao,dao,fees,,manual,2026-03-16,false
0x509386dbf5c0be6fd68df97a05fdb375136c32de,nova,entity,,Arbitrum DAO: Nova L1 Surplus Fee,arbitrum-dao,dao,fees,,manual,2026-03-16,false
0x9fcb6f75d99029f28f6f4a1d277bae49c5cac79f,nova,entity,,Arbitrum DAO: Nova L2 Base Fee,arbitrum-dao,dao,fees,,manual,2026-03-16,false
0x3b68a689c929327224dbfce31c1bf72ffd2559ce,nova,entity,,Arbitrum DAO: Nova L2 Surplus Fee,arbitrum-dao,dao,fees,,manual,2026-03-16,false
0x5fcb496a31b7ae91e7c9078ec662bd7a55cd3079,arbitrum,entity,,Arbitrum DAO: Timeboost Auction Contract,arbitrum-dao,dao,fees,,manual,2026-03-16,false
0x453fc9b6e5991c574349da4b7849e2b2bad4e99e,arbitrum,entity,,Arbitrum DAO: Multi-Purpose Wallet,arbitrum-dao,dao,multi-purpose-wallet,,manual,2026-03-16,false
0x7983403dda368aa7d67145a9b81c5c517f364c42,ethereum,entity,,gravity,gravity,dao,orbit-chain,,manual,2026-03-16,false
0x1eee9b9f024188e54930d2927d7a28e66e7649a7,ethereum,entity,,lasernet,lasernet,dao,orbit-chain,,manual,2026-03-16,false
0x35381f63091926750f43b2a7401b083263adef83,ethereum,entity,,plume,plume,dao,orbit-chain,,manual,2026-03-16,false
0x53b168016aa2e3469b5d76315311aac4ce0020db,ethereum,entity,,powerloom,powerloom,dao,orbit-chain,,manual,2026-03-16,false
0xb900fac6622503b73e0e022ec482b488aa38ea64,ethereum,entity,,renta,renta,dao,orbit-chain,,manual,2026-03-16,false
0x88276b87e2738e58f0b2c149bfc9456b85c5ea9a,arbitrum,entity,,JetBuilder,jetbuilder,dao,timeboost-bidder,,manual,2026-03-16,false
0x2b38a73dd32a2eafe849825a4b515ae5187eda42,arbitrum,entity,,Kairos,kairos,dao,timeboost-bidder,,manual,2026-03-16,false
0x95c0d21482fd6bc204e588c06632fdb1cf51b018,arbitrum,entity,,Selini Capital,selini-capital,dao,timeboost-bidder,,manual,2026-03-16,false
0x60e6a31591392f926e627ed871e670c3e81f1ab8,arbitrum,entity,,Titan,titan,dao,timeboost-bidder,,manual,2026-03-16,false
0x8c6ffc5501aca218f5f60e140d2c2461092ec3e2,arbitrum,entity,,Wintermute,wintermute,dao,timeboost-bidder,,manual,2026-03-16,false
0xbfc1feca8b09a5c5d3effe7429ebe24b9c09ef58,arbitrum,entity,,Arbitrum DAO Treasury,arbitrum-dao,dao,treasury,,manual,2026-03-16,false
0xe6841d92b0c345144506576ec13ecf5103ac7f49,arbitrum,entity,,Arbitrum DAO Treasury,arbitrum-dao,dao,treasury,,manual,2026-03-16,false
0xf3fc178157fb3c87548baa86f9d24ba38e649b58,arbitrum,entity,,Arbitrum DAO Treasury,arbitrum-dao,dao,treasury,,manual,2026-03-16,false
0x1afa41c006da1605846271e7bdae942f2787f941,ethereum,entity,,Arbitrum DAO: Expansion Program,arbitrum-dao,dao,treasury-management,,manual,2026-03-16,false
0x9e49cefab0e640dd767bef40cd3f8722229b968e,arbitrum,entity,,Arbitrum DAO: Treasury Management,arbitrum-dao,dao,treasury-management,,manual,2026-03-16,false
0xcd69da735fc5f794bddb4dbcbc645e3096b8512d,arbitrum,entity,,Arbitrum DAO: Treasury Management,arbitrum-dao,dao,treasury-management,,manual,2026-03-16,false
0xe41d54471efa03eff6365795f60545f3caf7c97e,arbitrum,entity,,Arbitrum DAO: Treasury Management,arbitrum-dao,dao,treasury-management,,manual,2026-03-16,false
0x54fe3425f09854e15081fa5b3276afcb4c46fca2,ethereum,entity,,Arbitrum DAO: Treasury Management,arbitrum-dao,dao,treasury-management,,manual,2026-03-16,false
0xe93d59cc0bcecfd4ac204827ef67c5266079e2b5,arbitrum,entity,,404 DAO,404-dao,delegate,,,manual,2026-03-16,false
0xa71a021ef66b03e45e0d85590432dfcfa1b7174c,arbitrum,entity,,Abracadabra DAO,abracadabra-dao,delegate,,,manual,2026-03-16,false
0x3d1846ea60001a3bc21438d76f3958422fe89adb,arbitrum,entity,,Alpha Insiders,alpha-insiders,delegate,,,manual,2026-03-16,false
0xa9e777d56c0ad861f6a03967e080e767ad8d39b6,arbitrum,entity,,APE - AAVE Protocol Embassy,ape-aave-protocol-embassy,delegate,,,manual,2026-03-16,false
0x8b37a5af68d315cf5a64097d96621f64b5502a22,arbitrum,entity,,Areta,areta,delegate,,,manual,2026-03-16,false
0x7ae109a63ff4dc852e063a673b40bed85d22e585,arbitrum,entity,,Blockchain at Berkeley,blockchain-at-berkeley,delegate,,,manual,2026-03-16,false
0xa5df0cf3f95c6cd97d998b9d990a86864095d9b0,arbitrum,entity,,Blockworks Research,blockworks-research,delegate,,,manual,2026-03-16,false
0x6a26afb01ff57e827079658238858d55774ca2d5,arbitrum,entity,,BrianFakhoury,brianfakhoury,delegate,,,manual,2026-03-16,false
0x88bd639d6b029596b029c61490f29f57b0bf4a3f,arbitrum,entity,,Bruce1,bruce1,delegate,,,manual,2026-03-16,false
0x2e3bef6830ae84bb4225d318f9f61b6b88c147bf,arbitrum,entity,,Camelot,camelot,delegate,,,manual,2026-03-16,false
0x190473b3071946df65306989972706a4c006a561,arbitrum,entity,,ChainLinkGod,chainlinkgod,delegate,,,manual,2026-03-16,false
0xf92f185abd9e00f56cb11b0b709029633d1e37b4,arbitrum,entity,,coinflipcanda,coinflipcanda,delegate,,,manual,2026-03-16,false
0x3070feeafd678751c29171bacd0042fb370dee00,arbitrum,entity,,Cornell Blockchain,cornell-blockchain,delegate,,,manual,2026-03-16,false
0x6f9bb7e454f5b3eb2310343f0e99269dc2bb8a1d,arbitrum,entity,,cp0x,cp0x,delegate,,,manual,2026-03-16,false
0x5b39c3907bd9db69b435a6cbf485915135ffffd6,arbitrum,entity,,DefragDAO,defragdao,delegate,,,manual,2026-03-16,false
0xad16ebe6ffc7d96624a380f394cd64395b0c6144,arbitrum,entity,,DK (Premia),dk-premia,delegate,,,manual,2026-03-16,false
0xb4c064f466931b8d0f637654c916e3f203c46f13,arbitrum,entity,,Entropy Advisors,entropy-advisors,delegate,,,manual,2026-03-16,false
0xe48c655276c23f1534ae2a87a2bf8a8a6585df70,arbitrum,entity,,Eric Wall,eric-wall,delegate,,,manual,2026-03-16,false
0x0edb976ce9b3b08c7e0a20a89bf1bce0e5f99356,arbitrum,entity,,Event Horizon (Arbitrum Community),event-horizon,delegate,,,manual,2026-03-16,false
0x070341aa5ed571f0fb2c4a5641409b1a46b4961b,arbitrum,entity,,Franklin DAO,franklin-dao,delegate,,,manual,2026-03-16,false
0xb5b069370ef24bc67f114e185d185063ce3479f8,arbitrum,entity,,Frisson,frisson,delegate,,,manual,2026-03-16,false
0xf8e93a7d954f7d31d5fa54bc0eb0e384412a158d,arbitrum,entity,,Gains Network,gains-network,delegate,,,manual,2026-03-16,false
0x5ab0fdc6f0ca9ea178c95ceccf944a4ce1aedddd,arbitrum,entity,,Galxe,galxe,delegate,,,manual,2026-03-16,false
0x683a4f9915d6216f73d6df50151725036bd26c02,arbitrum,entity,,Gauntlet,gauntlet,delegate,,,manual,2026-03-16,false
0x11cd09a0c5b1dc674615783b0772a9bfd53e3a8f,arbitrum,entity,,Gauntlet - Arbitrum,gauntlet-arbitrum,delegate,,,manual,2026-03-16,false
0xa6e8772af29b29b9202a073f8e36f447689beef6,arbitrum,entity,,GFX Labs,gfx-labs,delegate,,,manual,2026-03-16,false
0x183d275ac4a046d549ad4dc89c41bff49d632fa3,arbitrum,entity,,GMX,gmx,delegate,,,manual,2026-03-16,false
0x839395e20bbb182fa440d08f850e6c7a8f6f0780,arbitrum,entity,,Griff Green,griff-green,delegate,,,manual,2026-03-16,false
0x4f685b29514eed0c9d929386e86d9cd81981118b,arbitrum,entity,,JoJoTheCow,jojothecow,delegate,,,manual,2026-03-16,false
0x583e3edc26e1b8620341bce90547197bfe2c1ddd,arbitrum,entity,,karpatkey,karpatkey,delegate,,,manual,2026-03-16,false
0x1b686ee8e31c5959d9f5bbd8122a58682788eead,arbitrum,entity,,L2BEAT,l2beat,delegate,,,manual,2026-03-16,false
0x067b9bbbbc42d2ab9b9ab6bb62646daf7f344a76,arbitrum,entity,,lay2000lbs,lay2000lbs,delegate,,,manual,2026-03-16,false
0x5318f07a3a20a2f8bb0ddf14f1dd58c517a76508,arbitrum,entity,,Layer2DAO,layer2dao,delegate,,,manual,2026-03-16,false
0x7b0befc5b043148cd7bd5cfeeef7bc63d28edec0,arbitrum,entity,,Layer3,layer3,delegate,,,manual,2026-03-16,false
0x79c4213a328e3b4f1d87b4953c14759399db25e2,arbitrum,entity,,litocoen,litocoen,delegate,,,manual,2026-03-16,false
0x7a45ee0be5c4bdc938a5f00a2aef393f46502d26,arbitrum,entity,,LobbyFi,lobbyfi,delegate,,,manual,2026-03-16,false
0xd333bc5c9670c9ceb18f9a2cf02c6e86807a8227,arbitrum,entity,,MaxLomu,maxlomu,delegate,,,manual,2026-03-16,false
0x0eb5b03c0303f2f47cd81d7be4275af8ed347576,arbitrum,entity,,Merlyn Labs,merlyn-labs,delegate,,,manual,2026-03-16,false
0x13bdae8c5f0fc40231f0e6a4ad70196f59138548,arbitrum,entity,,Michigan Blockchain,michigan-blockchain,delegate,,,manual,2026-03-16,false
0x2ef27b114917dd53f8633440a7c0328fef132e2f,arbitrum,entity,,Mux Protocol,mux-protocol,delegate,,,manual,2026-03-16,false
0xf4b0556b9b6f53e00a1fdd2b0478ce841991d8fa,arbitrum,entity,,Olimpio,olimpio,delegate,,,manual,2026-03-16,false
0x4149dfbe618d83c80b0d4d537a7827f3d537b45c,arbitrum,entity,,P2P.org,p2p-org,delegate,,,manual,2026-03-16,false
0x56721131d21a170fbb084734dcc399a278234298,arbitrum,entity,,Pantera Capital,pantera-capital,delegate,,,manual,2026-03-16,false
0xe594469fde6ae29943a64f81d95c20f5f8eb2e04,arbitrum,entity,,Paulo Fonseca,paulo-fonseca,delegate,,,manual,2026-03-16,false
0xbbe98d590d7eb99f4a236587f2441826396053d3,arbitrum,entity,,PlutusDAO,plutusdao,delegate,,,manual,2026-03-16,false
0x18bf1a97744539a348304e9d266aac7d446a1582,arbitrum,entity,,Princeton Blockchain Club,princeton-blockchain-club,delegate,,,manual,2026-03-16,false
0x5663d01d8109ddfc8aacf09fbe51f2d341bb3643,arbitrum,entity,,Reverie,reverie,delegate,,,manual,2026-03-16,false
0xd35629a2b7fb9f232fda6c29b72035a7dbafa3c1,arbitrum,entity,,Seamus,seamus,delegate,,,manual,2026-03-16,false
0xababe91a907fadff921720c43abe4098e7245e99,arbitrum,entity,,SEED Gov,seed-gov,delegate,,,manual,2026-03-16,false
0x9808e45c613eba00ba18fb3d314dc4d4712c4a85,arbitrum,entity,,Soby,soby,delegate,,,manual,2026-03-16,false
0x978982772b8e4055b921bf9295c0d74eb36bc54e,arbitrum,entity,,Sushi,sushi,delegate,,,manual,2026-03-16,false
0x05bd5b09e673405e671493b24ecbf43188d5d4c3,arbitrum,entity,,Utopia Labs,utopia-labs,delegate,,,manual,2026-03-16,false
0x9d64c41ec3a1f49952de2e16ebb0723022f75008,arbitrum,entity,,Vertex DAO,vertex-dao,delegate,,,manual,2026-03-16,false
0xd4aa67f778bba2805bc122f18f3d61df59c7a542,arbitrum,entity,,Whiz Wang,whiz-wang,delegate,,,manual,2026-03-16,false
0xb933aee47c438f22de0747d57fc239fe37878dd1,arbitrum,entity,,Wintermute Governance,wintermute-governance,delegate,,,manual,2026-03-16,false
0x0a9eeddaa65546ad35d3f0ac9e6f09575e4c9297,arbitrum,entity,,WOOFi,woofi,delegate,,,manual,2026-03-16,false
0xa6a7020b3276e86011a33638f3cd8fe02d5e4b61,arbitrum,entity,,Curve Finance: Curve Finance Grant Request,curve-finance,dex,,,manual,2026-03-16,false
0xd6c8a4e72584f24bd5517afed6c01d21477c17f6,arbitrum,entity,,Arbitrum Foundation: Foundation Administrative Budget,arbitrum-foundation,foundation,foundation-administrative-budget,,manual,2026-03-16,false
0x15533b77981cda0f85c4f9a485237df4285d6844,arbitrum,entity,,Arbitrum Foundation: Vesting Vault,arbitrum-foundation,foundation,vesting,,manual,2026-03-16,false
0x8ac412f1eb56b01ba910c71f4fad1c7f70efb4e5,arbitrum,entity,,Rarible: Rarible Protocol Integration,rarible,nft,,,manual,2026-03-16,false
0x327aea20163f61421d85b8147781b8676763b467,arbitrum,entity,,OLP Hedging EVM,variational,perps,hedging,302622314,manual,2026-04-09,false
0x5e91b40467fb8902c46a7b6cb90482363188d645,arbitrum,entity,,Treasury,variational,perps,treasury,400333228,manual,2026-04-09,false
0x74bbbb0e7f0bad6938509dd4b556a39a4db1f2cd,arbitrum,entity,,Core OLP Vault,variational,perps,vault,300671840,manual,2026-04-09,false
0xb71ca4ffbb7b58d75ba29891ab45e9dc12b444ed,arbitrum,entity,,0xhombre,0xhombre,security-council,nominee,,manual,2026-04-09,
0x093f1f3af6f573b854144e8842a5b20276b4512b,arbitrum,entity,,0xJiro,0xjiro,security-council,nominee,,manual,2026-04-09,
0x20712ff85833d99e7b15af8d0be885d90cf1a354,arbitrum,entity,,0xPrepop,0xprepop,security-council,nominee,,manual,2026-04-09,
0x3191e06b0ea9512d43c9fd9fa7219e69c4806e5d,arbitrum,entity,,alizk,alizk,security-council,nominee,,manual,2026-04-09,
0xd1b132e0ed154e23ba5de867ea06fb788b1d533d,arbitrum,entity,,alizk.eth,alizk,security-council,nominee,,manual,2026-04-09,
0x00e3f728a3a2949cd9e0b7524b3068ef363af059,arbitrum,entity,,Anton Buenavista,anton-buenavista,security-council,nominee,,manual,2026-04-09,
0xbf7241a3e47e412bbbca7d4fdb40b0321b0bbb92,arbitrum,entity,,Aragon,aragon,security-council,nominee,,manual,2026-04-09,
0x6446ad9821021eeb9f85b8a18b0153d58166d161,arbitrum,entity,,Arron Culler,arron-culler,security-council,nominee,,manual,2026-04-09,
0x0275b3d54a5ddbf8205a75984796efe8b7357bae,arbitrum,entity,,bartek.eth,bartek,security-council,nominee,,manual,2026-04-09,
0x4d4ac65513fee380c596ac9edfac588782831bdf,arbitrum,entity,,Bitns,bitns,security-council,nominee,,manual,2026-04-09,
0x5e841f1eb0aec2fe26d6824c83bca2607fba6fec,arbitrum,entity,,blockdev,blockdev,security-council,nominee,,manual,2026-04-09,
0x662767455889320b33862a9ec64feddf127282f7,arbitrum,entity,,blockdev,blockdev,security-council,nominee,,manual,2026-04-09,
0x1af85d2f437f338c2af668c1bc7cb81d13a36b5d,arbitrum,entity,,blockful,blockful,security-council,nominee,,manual,2026-04-09,
0x358e76a0c6224dcabce39ff395b284e7da9bf413,arbitrum,entity,,blockful,blockful,security-council,nominee,,manual,2026-04-09,
0xaf38ef9b49a1eda56b707dc3c0302a1f69425fa5,arbitrum,entity,,blockful,blockful,security-council,nominee,,manual,2026-04-09,
0x8688515028955734350067695939423222009623,arbitrum,entity,,Caleb,caleb,security-council,nominee,,manual,2026-04-09,
0x897c208c928a085bf3a610e633dceb70eb7e6eab,arbitrum,entity,,Caleb Lau,caleb-lau,security-council,nominee,,manual,2026-04-09,
0x1049f9908005b303d2c93a3b9cbe10f3b49d7943,arbitrum,entity,,Certik,certik,security-council,nominee,,manual,2026-04-09,
0xb3b60932e598fe946169ec209a197184bad760b7,arbitrum,entity,,Certora,certora,security-council,nominee,,manual,2026-04-09,
0xeee3fb3b792c7ddbb6aef0c440fbc621f4d6fe2d,arbitrum,entity,,Certora,certora,security-council,nominee,,manual,2026-04-09,
0x748a1d2edd08245d0a139d3dfffee92312a25c26,arbitrum,entity,,chuygarcia.eth,chuygarcia,security-council,nominee,,manual,2026-04-09,
0x9a925d87958925c4a7c7ab0ac2f915451c0496de,arbitrum,entity,,Consensys Diligence,consensys-diligence,security-council,nominee,,manual,2026-04-09,
0xb8bb9335d06de010a4208dfe8398dc5780617a01,arbitrum,entity,,coolhorsegirl,coolhorsegirl,security-council,nominee,,manual,2026-04-09,
0x3a8b161e60bf8f0b1fa4d14a4cda3c5f444e9cd6,arbitrum,entity,,Cyfrin,cyfrin,security-council,nominee,,manual,2026-04-09,
0xeeb8886c48490355d6473901e2c1ea03f9cc8398,arbitrum,entity,,Cyfrin,cyfrin,security-council,nominee,,manual,2026-04-09,
0x1b1e924a0a9c86a9023be9791bb81ecfb8cc4011,arbitrum,entity,,cypherbadger.eth,cypherbadger,security-council,nominee,,manual,2026-04-09,
0xe876a94ebaa0d8d2da4142766d8c803a7c1d8ed8,arbitrum,entity,,Dai Dai,dai-dai,security-council,nominee,,manual,2026-04-09,
0xa88bb92eb30113d3f4175eb02be45fa232e22472,arbitrum,entity,,Daniel Goldman,daniel-goldman,security-council,nominee,,manual,2026-04-09,
0xafc7805c640c4a9e5d28f6a5eae23b50e59b831c,arbitrum,entity,,Dedaub,dedaub,security-council,nominee,,manual,2026-04-09,
0x2c581dbcd7bbe22e366724654bddcaa734158226,arbitrum,entity,,Dennis Stucken,dennis-stucken,security-council,nominee,,manual,2026-04-09,
0x59c8535419bbcb8adffdb3c835435e907e3b183b,arbitrum,entity,,Dennison Bertram,dennison-bertram,security-council,nominee,,manual,2026-04-09,
0xea4a4a886aca47dd0167b4aee5b1345e18d20ee5,arbitrum,entity,,Dennison Bertram,dennison-bertram,security-council,nominee,,manual,2026-04-09,
0x9f2b47f969c7669d532dc8fe0f1b1907a99429fc,arbitrum,entity,,Disruption Joe,disruption-joe,security-council,nominee,,manual,2026-04-09,
0x09bdaf6be43cd6ff378e9cc785cd7a667b64668d,arbitrum,entity,,DZack23,dzack23,security-council,nominee,,manual,2026-04-09,
0x8243b3385372b95be03268a4de191009e9e7fe7f,arbitrum,entity,,Electisec,electisec,security-council,nominee,,manual,2026-04-09,
0x33ddb82e68940f0e4c1050885bce8faf5ddd1b93,arbitrum,entity,,Emiliano Bonassi,emiliano-bonassi,security-council,nominee,,manual,2026-04-09,
0xd8d4cec103c0b6d7166405f0ebd7087c75a1528e,arbitrum,entity,,fred,fred,security-council,nominee,,manual,2026-04-09,
0xee7fb91d5b776c326a728dc70e917f82d6809e3c,arbitrum,entity,,fred,fred,security-council,nominee,,manual,2026-04-09,
0xf8d47784ee7f3ebd40bd83cb822e3161742b1988,arbitrum,entity,,Gauntlet,gauntlet,security-council,nominee,,manual,2026-04-09,
0x882c6fcb3d358b9d70b97c6999159cea64168b6f,arbitrum,entity,,Griff Green,griff-green,security-council,nominee,,manual,2026-04-09,
0xbb6f6a8af43ea7fe787dff8e79d70f411e217783,arbitrum,entity,,Gustavo Grieco,gustavo-grieco,security-council,nominee,,manual,2026-04-09,
0xef7b13326c7c680735d792b63587096cf1b273aa,arbitrum,entity,,Gustavo Grieco,gustavo-grieco,security-council,nominee,,manual,2026-04-09,
0xe2e9d5b97d8c0457b1cf80bc93802bce4df03e33,arbitrum,entity,,gzeon,gzeon,security-council,nominee,,manual,2026-04-09,
0x22ab891922f566f17b9827d016c2003da69abab9,arbitrum,entity,,Haaroon,haaroon,security-council,nominee,,manual,2026-04-09,
0x6ca0aad68d2375f0b5ce01040cf265f8e1ecdb2b,arbitrum,entity,,Halborn,halborn,security-council,nominee,,manual,2026-04-09,
0x98e24e308c4b7cdadcf4d116b2b8939a21420ba1,arbitrum,entity,,Hari,hari,security-council,nominee,,manual,2026-04-09,
0xf8e1492255d9428c2fc20a98a1deb1215c8ffefd,arbitrum,entity,,Harry Kalodner,harry-kalodner,security-council,nominee,,manual,2026-04-09,
0x5e719c0d877095ba11df710b1f367dc38bb06c8d,arbitrum,entity,,Hexens,hexens,security-council,nominee,,manual,2026-04-09,
0x06f2cafb5276b11baa6679abe49d5a5c0a911f5b,arbitrum,entity,,Hudson Jameson,hudson-jameson,security-council,nominee,,manual,2026-04-09,
0x0cd9e52891a0a48d45b0c61a31086be8361ef157,arbitrum,entity,,Immunefi,immunefi,security-council,nominee,,manual,2026-04-09,
0x1716c1c037e4968d5a06d4d080904f9b7a6508f2,arbitrum,entity,,Immunefi,immunefi,security-council,nominee,,manual,2026-04-09,
0x342ebaca3acc54d6f5ee78073fec4af07f42b94e,arbitrum,entity,,Jack Sanford,jack-sanford,security-council,nominee,,manual,2026-04-09,
0x1e14a2af06235c1de63edfc0c1523f0a31508a56,arbitrum,entity,,Jake Nyquist,jake-nyquist,security-council,nominee,,manual,2026-04-09,
0x8338a37fc474d2bb0f29997458baea8b51765df4,arbitrum,entity,,Jake Nyquist,jake-nyquist,security-council,nominee,,manual,2026-04-09,
0x3e286452b1c66abb08eb5494c3894f40ab5a59af,arbitrum,entity,,John Morrow (Gauntlet),john-morrow,security-council,nominee,,manual,2026-04-09,
0xf948e06c29db647ffe21b9fab9d162c457cd6828,arbitrum,entity,,Josef Gattermayer,josef-gattermayer,security-council,nominee,,manual,2026-04-09,
0x97cab8ee5547a6e4affad689a25d11b6dd920ef8,arbitrum,entity,,Justin Leroux,justin-leroux,security-council,nominee,,manual,2026-04-09,
0xe1197e2ab23ee33c99ec91f17198d5264fc7df20,arbitrum,entity,,kemmio,kemmio,security-council,nominee,,manual,2026-04-09,
0x2acdf1317915a1c6ace88b9eccae99fc9cfeba81,arbitrum,entity,,limes.eth,limes,security-council,nominee,,manual,2026-04-09,
0xfbdf369ae6ea1ebc893bf096469ea065e8dfa00a,arbitrum,entity,,limes.eth,limes,security-council,nominee,,manual,2026-04-09,
0xfd7631b7a5716fca8d95207da2a7bcd471ee0372,arbitrum,entity,,limes.eth,limes,security-council,nominee,,manual,2026-04-09,
0x093b56e26a6795fc60c8c84285aebe451d4fbe75,arbitrum,entity,,Lumyo,lumyo,security-council,nominee,,manual,2026-04-09,
0xbe21796184d2ca3f61f091ed47fdd128775db6be,arbitrum,entity,,MartinGbz,martingbz,security-council,nominee,,manual,2026-04-09,
0x7028169f91a6061d5d5d7e4b9b5d91ee4b817162,arbitrum,entity,,Mateusz (Nethermind),mateusz-nethermind,security-council,nominee,,manual,2026-04-09,
0x3bd8e2ac65ad6f0f094ba6766cbd9484ab49ef23,arbitrum,entity,,Matt Fiebach,matt-fiebach,security-council,nominee,,manual,2026-04-09,
0xbbd2e01efb88ce00f8f5b6b9a696966070089392,arbitrum,entity,,Michael Lewellen,michael-lewellen,security-council,nominee,,manual,2026-04-09,
0x559cdf1346dd71315913278181a59af17e1721ba,arbitrum,entity,,Niv Hexagate,niv-hexagate,security-council,nominee,,manual,2026-04-09,
0x8288eb4305df040df3c3923ecd1146a367609eed,arbitrum,entity,,Nolan,nolan,security-council,nominee,,manual,2026-04-09,
0x391cf05fb66df7dd46e34da0ebf9c74e3b663c45,arbitrum,entity,,OfficerCIA | Vladimir S. | Officer's Notes,officercia,security-council,nominee,,manual,2026-04-09,
0xb07dc9103328a51128bc6cc1049d1137035f5e28,arbitrum,entity,,"Omer, CEO @ Chaos Labs",omer-chaos-labs,security-council,nominee,,manual,2026-04-09,
0x9316ca66f5f936e3239e4fd2aaaea5c7b6f3c4cc,arbitrum,entity,,OpenZeppelin,openzeppelin,security-council,nominee,,manual,2026-04-09,
0xe40d80bd58cee55dcc2598724d7f1e03e206581d,arbitrum,entity,,OpenZeppelin,openzeppelin,security-council,nominee,,manual,2026-04-09,
0x913af9a61d1a59aa5d21ce9bbf7fd44ed61db4ce,arbitrum,entity,,Pablo Sabbatella,pablo-sabbatella,security-council,nominee,,manual,2026-04-09,
0x914b7c77037951ebac9e4046093e9d1c6dae1332,arbitrum,entity,,Pablo Sabbatella,pablo-sabbatella,security-council,nominee,,manual,2026-04-09,
0x8f10e3413586c4a8dcfce19d009872b19e9cd8e3,arbitrum,entity,,Patrick McCorry,patrick-mccorry,security-council,nominee,,manual,2026-04-09,
0xad36c07834b1730f82014f397d470c30d2ddbf75,arbitrum,entity,,Philipp Jovanovic,philipp-jovanovic,security-council,nominee,,manual,2026-04-09,
0x61ccd62854cd4211324737cac64f8ce3126ba777,arbitrum,entity,,Raf Solari,raf-solari,security-council,nominee,,manual,2026-04-09,
0xc0f0c45940a36888cd40a2fb51ad32562d81ab06,arbitrum,entity,,Rob Coleman,rob-coleman,security-council,nominee,,manual,2026-04-09,
0x95892b6ace907c37453e3995cf426b6068084f26,arbitrum,entity,,rxpwnz,rxpwnz,security-council,nominee,,manual,2026-04-09,
0xe93c78c91f3f12f7c9ef86b711b369d70607600c,arbitrum,entity,,rxpwnz,rxpwnz,security-council,nominee,,manual,2026-04-09,
0x5dab09a6c2dd232c7f15881c14e1616ae1751c97,arbitrum,entity,,Shogoki,shogoki,security-council,nominee,,manual,2026-04-09,
0xf879c33b455b69b2719c0cc3cb06eac77d513cec,arbitrum,entity,,Tino (SEEDGov),tino-seedgov,security-council,nominee,,manual,2026-04-09,
0xefa6e02047edc1b55c93bb6b320b9728baa97bb6,arbitrum,entity,,Vladislav Yaroshuk,vladislav-yaroshuk,security-council,nominee,,manual,2026-04-09,
0x3f6e511507a082b3dbfc955480ea97d33f3488ed,arbitrum,entity,,WakeUp Labs,wakeup-labs,security-council,nominee,,manual,2026-04-09,
0x66df3b617742c9cfd4662a82a6da85a3a646b880,arbitrum,entity,,William Bowling (Zellic),william-bowling,security-council,nominee,,manual,2026-04-09,
0x475816ca2a31d601b4e336f5c2418a67978abf09,arbitrum,entity,,yoav.eth,yoav,security-council,nominee,,manual,2026-04-09,
0x3e9d74c8173c9279826a18e9c688246431f3d112,arbitrum,entity,,YQ,yq,security-council,nominee,,manual,2026-04-09,
0x875573b973f7e9ca54eb34a59180c70ee1128208,arbitrum,entity,,ZachXBT,zachxbt,security-council,nominee,,manual,2026-04-09,
0xa0683d725420e2f75415806352cd9c3fe10fa960,arbitrum,entity,,Zellic,zellic,security-council,nominee,,manual,2026-04-09,
0x03d47b06cc95baff2a408cd7c735ed7e7142edb9,arbitrum,entity,,Hack Humanity: GovHack at ETH CC (Brussels),hack-humanity,service-provider,,,manual,2026-03-16,false
0xd4427b312d42191640ea12c97457636bb807d65e,arbitrum,entity,,Immunefi: Ethereum Protocol Attackathon Sponsorship,immunefi,service-provider,,,manual,2026-03-16,false
0x50db58e1774cb7922d1bf96a267b52e8bb41c0ce,arbitrum,entity,,Tally: ARB Staking & Tally Support,tally,service-provider,,,manual,2026-03-16,false
0x5c04e7808455ee0e22c2773328c151d0dd79dc62,arbitrum,entity,,Tally: ARB Staking & Tally Support,tally,service-provider,,,manual,2026-03-16,false
0xc98786d5a7a03c1e74affcb97ff7ef8a710da09b,arbitrum,entity,,Tally: ARB Staking & Tally Support,tally,service-provider,,,manual,2026-03-16,false
